{
  "schemaVersion": 1,
  "id": "infinity",
  "version": "${version}",

  "name": "Infinity",
  "description": "Minecraft Utility Modification",
  "authors": [
    "Spray",
    "Missingno"
  ],
  "contact": {
  },
  "license": "LGPL-3.0",
  "icon": "assets/modid/icon.png",
  "environment": "*",
  "entrypoints": {
    "main": [
      "me.infinity.MainInitialize"
    ]
  },
  "mixins": [
    "infinity.mixins.json"
  ],

  "depends": {
    "fabricloader": ">=0.4.0",
    "minecraft": "1.16.4"
  }
}
